Código,Revestimento
2P1,Tinta verde
2T1,Tinta verde
2T2,Tinta verde
2T3,Tinta verde
2T5,Tinta verde
2T8,Tinta verde
2T9,Tinta verde
2TA,Tinta verde
3T1,Tinta verde
3T2,Tinta verde
3T3,Tinta verde
3T5,Tinta verde
CP5,Tinta azul
P1P,Tinta verde
P2P,Tinta verde
P3M,Tinta verde
PA1,Tinta Verde
PA2,Tinta verde
PAA,Tinta verde
PAL,Tinta verde
PC1,Tinta verde
PC2,Tinta verde
PEK,Tinta verde
PGK,Tinta verde
PKA,Tinta verde
PM1,Tinta verde
PM2,Tinta verde
PNL,Tinta verde
PNR,Tinta verde
PR1,Tinta azul
PT1,Tinta verde
PT2,Tinta verde
PTF,Tinta verde
PTH,Tinta verde
PTS,Tinta verde
PU1,Tinta verde
PU2,Tinta verde
PV1,Tinta verde
PWB,Tinta verde
PXK,Tinta verde
